rank,title,url,score,summary
1,Google Таблицы – Telegram,https://t.me/s/google_sheets?before=1702,0.01678549,Записал для вас курсец по сводным таблицам: от основ (зачем вообще сводные нужны и как построить сводную) до нюансов и деталей (как работают рассчитываемые поля
2,Одна из самых сложных тем для русскоязычных учеников — это ...,https://www.instagram.com/reel/DWYDhYukWHo/,0.011777842,"40 likes, 0 comments - ollysok on March 26, 2026: ""Одна из самых сложных тем для русскоязычных учеников — это small talk Потому что у нас"
3,Нужны имена? Забудьте про генераторы и запускайте Google ...,https://www.reddit.com/r/DMAcademy/comments/tzl1yz/tip_need_names_skip_the_generators_and_fire_up/?tl=ru,0.011419615,"Я не фанат случайных бессмысленных имен, поэтому, когда мне нужно что-то назвать, я просто захожу в Google Translate и смотрю, что означают"
4,"Здравствуйте, уважаемые коллеги. Хочу поделиться с вами ... - VK",https://m.vk.com/wall-213054441_35546?lang=en,0.0085443305,"Здравствуйте, уважаемые коллеги. Хочу поделиться с вами своими недоумениями относительно составления рабочих программ на предстоящий учебный"
5,СТРАНИЦА НА КИНОПОИСКЕ. ТЕПЕРЬ ЭТО ТОЧНО Я. - Instagram,https://www.instagram.com/p/DCALZ4diVM5/,0.003707253,"СТРАНИЦА НА КИНОПОИСКЕ. ТЕПЕРЬ ЭТО ТОЧНО Я. Привет, Друзья, на связи Глеб. Ну что, наконец-то, я добрался до КиноПоиска."
6,Вставка таблиц в Word с помощью средства чтения с экрана - Служба поддержки Майкрософт,https://support.microsoft.com/ru-ru/office/%D0%B2%D1%81%D1%82%D0%B0%D0%B2%D0%BA%D0%B0-%D1%82%D0%B0%D0%B1%D0%BB%D0%B8%D1%86-%D0%B2-word-%D1%81-%D0%BF%D0%BE%D0%BC%D0%BE%D1%89%D1%8C%D1%8E-%D1%81%D1%80%D0%B5%D0%B4%D1%81%D1%82%D0%B2%D0%B0-%D1%87%D1%82%D0%B5%D0%BD%D0%B8%D1%8F-%D1%81-%D1%8D%D0%BA%D1%80%D0%B0%D0%BD%D0%B0-a28f35dc-9a0d-4075-92ca-798c27d34db0,0.0028009268,"Используйте Word для Mac с помощью клавиатуры и voiceOver, встроенного в MacOS средства чтения с экрана, чтобы добавить таблицу в документ, указав ее размеры или выбрав один из нескольких стандартных форматов таблицы. Чтобы переключиться на другую вкладку, нажимайте клавишу TAB, пока не услышите имя текущей вкладки, а затем используйте клавиши СТРЕЛКА ВПРАВО и СТРЕЛКА ВЛЕВО, чтобы найти нужную вкладку, а затем нажмите клавиши CONTROL+OPTION+ПРОБЕЛ, чтобы выбрать. Чтобы закрыть диалоговое окно **Свойства таблицы**, нажимайте клавишу TAB, пока не услышите фразу ""ОК, по умолчанию, кнопка"", а затем нажмите клавиши CONTROL+OPTION+ПРОБЕЛ. Нажимайте клавишу F6, пока не услышите выбранную вкладку, и нажимайте клавиши CONTROL+OPTION+СТРЕЛКА ВЛЕВО или СТРЕЛКА ВПРАВО, чтобы перейти на вкладку **Вставка** , а затем нажмите клавиши CONTROL+OPTION+ПРОБЕЛ. Нажимайте клавишу СТРЕЛКА ВНИЗ, пока не услышите фразу ""Преобразовать текст в таблицу"", а затем нажмите клавиши CONTROL+OPTION+ПРОБЕЛ. Чтобы закрыть диалоговое окно **Преобразование текста в таблицу**, нажимайте клавишу TAB, пока не услышите фразу ""ОК, по умолчанию, кнопка"", а затем нажмите клавиши CONTROL+OPTION+ПРОБЕЛ."
7,Приложения в Google Play – Английские Фразовые Глаголы,https://play.google.com/store/apps/details?id=com.arturagapov.phrasalverbs&hl=ru,0.0023459073,"Данное приложение поможет Вам увеличить словарный запас, выучить исчерпывающий набор фразовых глаголов и научит использовать их в любом разговоре, как это"
8,"Околоенотная грамота, или Как я создавал генератор паролей / Хабр",https://habr.com/ru/companies/vktech/articles/1006810/,0.00093994394,"Соответственно, откуда-то нужно было взять словосочетания, нужен был какой-то алгоритм создания пароля из словосочетаний, и все это нужно было упаковать в Web-сервис на Go. Забегая вперед, скажу, что с результатом можно ознакомиться здесь. Реализация использует файл с заголовком и данными и фактически хранит не строки, а последовательности байтов фиксированной длины с латинской и кириллической строками, отсортированные по длине латинской строки и вторично по алфавиту (вторичная сортировка нужна для того, чтобы относительно быстро понимать, есть ли в словаре запрашиваемое слово), при этом в заголовке хранится массив из пар смещение — количество. Использование записей фиксированной длины выглядело на первый взгляд оправданным, так как в результате всех изысканий со словарем выяснилось, что ни одна словарная транслитерированная из русского в кириллице латинская строка не получается длиннее 48 ASCII-символов, поэтому в заголовке 48 пар смещение — количество и размер последовательностей фиксированной длины тоже зависит от 48."
9,Просто O Mедицине - Facebook,https://www.facebook.com/groups/1780170118945741/,0.0002553906,Группа создана добровольцами медиками и врачами для помощи пациентам. Отвечаем на интересующие и волнующие вас вопросы касательно медицинских состояний.
10,"Восстановление навигатора Garmin, превратившегося в «кирпич",https://bikelifeforms.ru/articles/garmin-nav-revival,0.00024015535,"Кроме названия модели, у каждого навигатора есть еще такой параметр, как идентификатор аппаратуры — HWID. То есть, надо искать прошивку с тем же самым HWID"
